axis_a,axis_b,coupling_raw,coupling_hub,cross_asym,null_p_raw,null_p_hub,pair,is_pos,is_neg,label,coupled_raw,coupled_hub
IFNb,IL15,0.29416191577911377,0.13301393717075838,0.01112300157546997,0.0,0.0,"('IFNb', 'IL15')",False,False,,True,True
IFNb,IFNg,0.2683165669441223,0.10707227671236702,0.061492979526519775,0.0,0.0,"('IFNb', 'IFNg')",True,False,MUST/SHOULD,True,True
IL4,IL6,0.10488402843475342,0.07141740608847502,0.05669891834259033,0.0,0.0,"('IL4', 'IL6')",False,False,,True,True
IFNb,IL18,0.23050880432128906,0.0705916548542904,0.04397916793823242,0.0,0.0,"('IFNb', 'IL18')",False,False,,True,True
IFNg,IL18,0.1757029891014099,0.046270575600140015,-0.052706778049468994,0.0,0.0,"('IFNg', 'IL18')",True,False,MUST/SHOULD,True,True
IL13,TNFa,0.03540191054344177,0.02678351025238182,-0.03800317645072937,0.002,0.0,"('IL13', 'TNFa')",False,False,,True,True
IL13,IL1b,0.010964646935462952,0.022374242431286606,-0.021960929036140442,0.034,0.0,"('IL13', 'IL1b')",False,False,,True,True
IL12,IL4,0.07255534827709198,0.020981628673546235,0.007708385586738586,0.0,0.0,"('IL12', 'IL4')",False,False,,True,True
IL10,IL1b,0.009108752012252808,0.020524973106203652,0.017412692308425903,0.04,0.0,"('IL10', 'IL1b')",False,False,,True,True
IL13,IL6,0.0345291793346405,0.02042432456757083,0.026227742433547974,0.0,0.0,"('IL13', 'IL6')",False,False,,True,True
IL2,IL4,0.06404213607311249,0.016336374549251617,0.028769686818122864,0.0,0.0,"('IL2', 'IL4')",False,False,,True,True
IL10,IL13,0.003415629267692566,0.01542713346354889,0.006716892123222351,0.392,0.0,"('IL10', 'IL13')",False,False,,False,True
IL13,IL4,0.022317945957183838,0.014961056975704254,0.0297202467918396,0.014,0.0,"('IL13', 'IL4')",False,False,,True,True
IFNb,IL1b,0.10428330302238464,0.013825946120601701,0.06531485915184021,0.0,0.0,"('IFNb', 'IL1b')",False,False,,True,True
IL10,IL6,0.027271807193756104,0.013173578024813615,0.02251964807510376,0.0,0.0,"('IL10', 'IL6')",False,False,,True,True
IL12,IL2,0.0855109691619873,0.012950144595268998,-0.02340388298034668,0.0,0.0,"('IL12', 'IL2')",False,False,,True,True
IL10,TNFa,0.019830524921417236,0.011218750228484467,0.01281803846359253,0.02,0.0,"('IL10', 'TNFa')",False,False,,True,True
IFNb,IL2,0.1413375437259674,0.011126597383708664,0.038020700216293335,0.0,0.002,"('IFNb', 'IL2')",False,False,,True,True
IL18,IL2,0.10919085144996643,0.010791781838193085,-0.04145476222038269,0.0,0.0,"('IL18', 'IL2')",False,False,,True,True
IFNg,IL15,0.1396459937095642,0.008982751066937592,-0.04923081398010254,0.0,0.0,"('IFNg', 'IL15')",True,False,MUST/SHOULD,True,True
IL12,IL13,0.040979817509651184,0.008767865485314164,0.0010513216257095337,0.0,0.0,"('IL12', 'IL13')",False,False,,True,True
IL10,IL12,0.04053941369056702,0.008334087264357179,0.002858072519302368,0.0,0.0,"('IL10', 'IL12')",False,True,MUST-NOT,True,True
IL15,IL1b,0.06775251030921936,0.007876200996565094,0.010802417993545532,0.0,0.0,"('IL15', 'IL1b')",False,False,,True,True
IFNg,IL12,0.11045709252357483,0.006862924067359971,-0.015097349882125854,0.0,0.0,"('IFNg', 'IL12')",True,False,MUST/SHOULD,True,True
IL15,IL18,0.13587096333503723,0.006534861457167251,0.03320208191871643,0.0,0.0,"('IL15', 'IL18')",False,False,,True,True
IL6,TNFa,0.040048301219940186,0.005320167564081421,-0.022504985332489014,0.0,0.004,"('IL6', 'TNFa')",True,False,MUST/SHOULD,True,True
IL1b,IL6,0.0197717547416687,0.0050716168726935434,0.0026447176933288574,0.0,0.0,"('IL1b', 'IL6')",True,False,MUST/SHOULD,True,True
IL2,IL6,0.058999866247177124,0.004546138937726166,0.030788689851760864,0.0,0.006,"('IL2', 'IL6')",False,False,,True,True
IL10,IL4,0.010701805353164673,0.0033515419698122717,0.03570327162742615,0.152,0.016,"('IL10', 'IL4')",False,False,,False,True
IL12,IL15,0.10480242967605591,0.001304572843240967,-0.042092740535736084,0.0,0.214,"('IL12', 'IL15')",False,False,,True,False
IFNg,IL2,0.10068225860595703,0.0009560482294270478,-0.06291067600250244,0.0,0.324,"('IFNg', 'IL2')",True,False,MUST/SHOULD,True,False
IL10,IL2,0.027943193912506104,-0.00039417443401885965,0.013233959674835205,0.0,0.548,"('IL10', 'IL2')",False,False,,True,False
IL18,IL4,0.07578641176223755,-0.0016255528863632351,0.021345555782318115,0.0,0.928,"('IL18', 'IL4')",False,False,,True,False
IL12,IL6,0.05615442991256714,-0.002167255476568694,0.024344027042388916,0.0,0.966,"('IL12', 'IL6')",False,False,,True,False
IL12,IL1b,0.030621647834777832,-0.0021855872914646746,0.009609103202819824,0.0,0.87,"('IL12', 'IL1b')",False,False,,True,False
IL1b,TNFa,0.006293833255767822,-0.002919850137197616,0.025292932987213135,0.27,0.866,"('IL1b', 'TNFa')",False,False,,False,False
IL18,TNFa,0.07537752389907837,-0.003295952059102783,0.006449401378631592,0.0,0.99,"('IL18', 'TNFa')",False,False,,True,False
IFNg,TNFa,0.07662591338157654,-0.0033747033413612515,-0.008293777704238892,0.0,0.988,"('IFNg', 'TNFa')",False,False,,True,False
IL15,IL4,0.07501763105392456,-0.003625162736032944,0.08168095350265503,0.0,0.994,"('IL15', 'IL4')",False,False,,True,False
IL18,IL6,0.08006846904754639,-0.004091461386644485,0.05556952953338623,0.0,0.998,"('IL18', 'IL6')",False,False,,True,False
IL2,TNFa,0.043341368436813354,-0.005625904396627884,0.010827511548995972,0.002,0.996,"('IL2', 'TNFa')",False,False,,True,False
IL12,TNFa,0.04578191041946411,-0.007053320493662002,-0.001141369342803955,0.0,1.0,"('IL12', 'TNFa')",False,False,,True,False
IFNb,TNFa,0.10166937112808228,-0.008815981560584274,0.01757943630218506,0.0,1.0,"('IFNb', 'TNFa')",False,False,,True,False
IFNg,IL6,0.07494568824768066,-0.010541382951266845,0.05803966522216797,0.0,1.0,"('IFNg', 'IL6')",False,False,,True,False
IL15,TNFa,0.06874710321426392,-0.011157201885273957,0.021219909191131592,0.0,1.0,"('IL15', 'TNFa')",False,False,,True,False
IL13,IL18,0.04581233859062195,-0.012237858478770111,-0.011792272329330444,0.0,1.0,"('IL13', 'IL18')",False,False,,True,False
IL13,IL2,0.013872385025024414,-0.014471608919627732,-0.015853166580200195,0.082,1.0,"('IL13', 'IL2')",False,False,,False,False
IL15,IL2,0.08426529169082642,-0.01536460706230365,0.013907849788665771,0.0,1.0,"('IL15', 'IL2')",False,False,,True,False
IL1b,IL4,-0.0074409618973731995,-0.01539313398075827,0.03511539846658707,0.9,1.0,"('IL1b', 'IL4')",False,False,,False,False
IL12,IL18,0.08348274230957031,-0.018784285381887908,0.005524158477783203,0.0,1.0,"('IL12', 'IL18')",False,False,,True,False
IL4,TNFa,0.008703991770744324,-0.019276176099524353,-0.042803481221199036,0.396,1.0,"('IL4', 'TNFa')",False,False,,False,False
IL1b,IL2,0.009617418050765991,-0.01932185899579164,0.007991641759872437,0.138,1.0,"('IL1b', 'IL2')",False,False,,False,False
IL10,IL15,0.03934597969055176,-0.01992842092206984,-0.008014976978302002,0.0,1.0,"('IL10', 'IL15')",False,False,,True,False
IL10,IL18,0.03465089201927185,-0.023392679451993026,0.007077425718307495,0.002,1.0,"('IL10', 'IL18')",False,False,,True,False
IFNb,IL12,0.11046501994132996,-0.02361388448061366,-0.01996263861656189,0.0,1.0,"('IFNb', 'IL12')",False,False,,True,False
IFNg,IL13,0.034986019134521484,-0.024391318699627212,0.008908748626708984,0.0,1.0,"('IFNg', 'IL13')",False,False,,True,False
IFNg,IL1b,0.03142136335372925,-0.028551257582324935,0.014100372791290283,0.0,1.0,"('IFNg', 'IL1b')",False,False,,True,False
IL15,IL6,0.05611085891723633,-0.029279900658311264,0.028868794441223145,0.0,1.0,"('IL15', 'IL6')",False,False,,True,False
IFNb,IL10,0.059410661458969116,-0.030444786742781157,0.026400595903396606,0.002,1.0,"('IFNb', 'IL10')",False,False,,True,False
IFNg,IL4,0.04471203684806824,-0.034027068565289184,0.004375725984573364,0.0,1.0,"('IFNg', 'IL4')",False,True,MUST-NOT,True,False
IFNg,IL10,0.022674143314361572,-0.03669656892165994,-0.005681216716766357,0.004,1.0,"('IFNg', 'IL10')",False,False,,True,False
IL18,IL1b,0.01911953091621399,-0.039525949255083556,0.012147098779678345,0.048,1.0,"('IL18', 'IL1b')",False,False,,True,False
IL13,IL15,0.013389959931373596,-0.045891066279375184,-0.013037070631980896,0.14,1.0,"('IL13', 'IL15')",False,False,,False,False
IFNb,IL13,0.039295852184295654,-0.0505662216155818,0.044757962226867676,0.012,1.0,"('IFNb', 'IL13')",False,False,,True,False
IFNb,IL4,0.036664754152297974,-0.07255908722678822,0.018559306859970093,0.04,1.0,"('IFNb', 'IL4')",False,False,,True,False
IFNb,IL6,0.029388368129730225,-0.08658343903494603,-0.008258044719696045,0.048,1.0,"('IFNb', 'IL6')",False,False,,True,False
