condition_a,condition_b,m_ab,m_ba,coupling,cross_asym,coupling_raw,coupling_null_p,n_donors,donor_coupling_mean,donor_consensus,donor_sign_p,coupled
E,F,0.3488265424966812,0.2174070030450821,0.527260599010869,0.13141953945159912,0.5662335455417633,0.0,10,0.52378292048448,1.0,0.0009765625,True
O,P,0.2710365653038025,0.23182645440101624,0.501214191160704,0.039210110902786255,0.5028630197048187,0.0,10,0.5047036977582857,1.0,0.0009765625,True
L,N,0.29721952974796295,0.15860183537006378,0.430154392436931,0.13861769437789917,0.45582136511802673,0.0,10,0.42897707086644676,1.0,0.0009765625,True
F,G,0.2609100341796875,0.18394240736961365,0.40314915838994475,0.07696762681007385,0.44485244154930115,0.0,10,0.4025685158607207,1.0,0.0009765625,True
H,I,0.26461492478847504,0.13555307686328888,0.38518404082248087,0.12906184792518616,0.4001680016517639,0.0,10,0.3862943183826773,1.0,0.0009765625,True
A,B,0.22689108550548553,0.17409424483776093,0.3765334603033568,0.05279684066772461,0.40098533034324646,0.0,10,0.3770179013280492,1.0,0.0009765625,True
M,N,0.2724993973970413,0.10364438593387604,0.35521004999938766,0.16885501146316528,0.37614378333091736,0.0,10,0.3541925569506068,1.0,0.0009765625,True
C,D,0.24734632670879364,0.10649566352367401,0.32810707766758773,0.14085066318511963,0.35384199023246765,0.0,10,0.3273907560659083,1.0,0.0009765625,True
B,C,0.26507094502449036,0.08603526651859283,0.31040072033279825,0.17903567850589752,0.3511062115430832,0.0,10,0.3124202301235576,1.0,0.0009765625,True
H,J,0.22863711416721344,0.0701880156993866,0.28901351894202987,0.15844909846782684,0.29882512986660004,0.0,10,0.291914376890973,1.0,0.0009765625,True
H,K,0.13982780277729034,0.032829999923706055,0.16776752220956903,0.10699780285358429,0.1726578027009964,0.0,10,0.1658707953205234,1.0,0.0009765625,True
E,G,0.15668199956417084,0.03335185348987579,0.16638453210655013,0.12333014607429504,0.19003385305404663,0.0,10,0.16516280515413534,1.0,0.0009765625,True
A,C,0.14901652932167053,0.00995616614818573,0.13339175032941916,0.1390603631734848,0.15897269546985626,0.0,10,0.1323098475603681,1.0,0.0009765625,True
L,M,0.05745901167392731,0.07708090543746948,0.12816985406373677,-0.019621893763542175,0.1345399171113968,0.0,10,0.12839508938946223,1.0,0.0009765625,True
B,D,0.1170005053281784,-0.010957598686218262,0.08143706917762757,0.12795810401439667,0.10604290664196014,0.0,10,0.08179775809771136,1.0,0.0009765625,True
Q,S,-0.007982566952705383,-0.005617052316665649,0.03401126030244325,-0.002365514636039734,-0.013599619269371033,0.0,10,0.03027082026789063,1.0,0.0009765625,True
S,T,-0.004167810082435608,-0.008749499917030334,0.03341610557154605,0.0045816898345947266,-0.012917309999465942,0.0,10,0.03446648665948918,1.0,0.0009765625,True
A,D,0.05128176510334015,-0.008720025420188904,0.033080448288666575,0.06000179052352905,0.042561739683151245,0.0,10,0.029858131040083735,1.0,0.0009765625,True
Q,T,-0.007104918360710144,-0.0061267465353012085,0.030606925330663982,-0.0009781718254089355,-0.013231664896011353,0.0,10,0.03303469039107624,1.0,0.0009765625,True
R,T,-0.004978179931640625,-0.014592990279197693,0.028055979860456368,0.009614810347557068,-0.019571170210838318,0.0,10,0.02874732319461672,1.0,0.0009765625,True
R,S,-0.01317945122718811,-0.011234655976295471,0.026985332212950054,-0.0019447952508926392,-0.02441410720348358,0.0,10,0.02668841359646697,1.0,0.0009765625,True
Q,R,-0.013149812817573547,-0.009069889783859253,0.026684911470664176,-0.004079923033714294,-0.0222197026014328,0.0,10,0.027642567416555002,1.0,0.0009765625,True
K,T,-0.004844963550567627,-0.005594685673713684,0.021959031726184644,0.0007497221231460571,-0.010439649224281311,0.0,10,0.01761393182371792,1.0,0.0009765625,True
K,Q,-0.00995267927646637,-0.00536772608757019,0.018355739587231686,-0.004584953188896179,-0.01532040536403656,0.0,10,0.01705317571759224,1.0,0.0009765625,True
K,R,-0.010893285274505615,-0.009585559368133545,0.016985860153248437,-0.0013077259063720703,-0.02047884464263916,0.0,10,0.017419478414874325,1.0,0.0009765625,True
K,S,-0.010483533143997192,-0.0092267245054245,0.016460712646183213,-0.0012568086385726929,-0.019710257649421692,0.0,10,0.016584391460606925,1.0,0.0009765625,True
J,S,-0.012221485376358032,-0.004078894853591919,0.014949259632512143,-0.008142590522766113,-0.01630038022994995,0.0,10,0.012938892017853887,1.0,0.0009765625,True
J,T,-0.008177146315574646,-0.005849406123161316,0.013450798078587182,-0.00232774019241333,-0.014026552438735962,0.0,10,0.012805192603876716,1.0,0.0009765625,True
J,R,-0.01425163447856903,-0.007877334952354431,0.010414404931821324,-0.0063742995262146,-0.022128969430923462,0.0,10,0.011030780994578411,1.0,0.0009765625,True
I,R,-0.010463804006576538,-0.007298320531845093,0.009608899919610277,-0.0031654834747314453,-0.01776212453842163,0.0,10,0.011783582560325922,0.9,0.0107421875,True
J,Q,-0.010189533233642578,-0.009632453322410583,0.008932827962072273,-0.0005570799112319946,-0.01982198655605316,0.0,10,0.0064568865848215005,0.8,0.0546875,False
I,S,-0.008712559938430786,-0.009651467204093933,0.007713262815224497,0.000938907265663147,-0.01836402714252472,0.0,10,0.007437887827032491,0.8,0.0546875,False
I,T,-0.005249843001365662,-0.009528696537017822,0.00752646107422678,0.004278853535652161,-0.014778539538383484,0.0,10,0.005673920912177938,0.6,0.376953125,False
I,Q,-0.007186859846115112,-0.011200472712516785,0.00519513205478066,0.004013612866401672,-0.018387332558631897,0.0,10,0.0050877598163328675,0.8,0.0546875,False
P,R,-0.012502923607826233,-0.007439926266670227,0.003734910801837319,-0.005062997341156006,-0.01994284987449646,0.02,10,0.0036229537113716737,0.7,0.171875,False
O,R,-0.014161542057991028,-0.010455280542373657,0.0027497620959030964,-0.0037062615156173706,-0.024616822600364685,0.04,10,0.0016013646204220626,0.7,0.171875,False
J,K,-0.008645638823509216,-0.006768316030502319,0.0019009503879045186,-0.001877322793006897,-0.015413954854011536,0.07,10,0.0022858460874933943,0.7,0.171875,False
O,Q,-0.011535748839378357,-0.010446995496749878,0.0015952805155201961,-0.001088753342628479,-0.021982744336128235,0.13,10,0.001615546682947561,0.6,0.376953125,False
O,T,-0.011665210127830505,-0.010117501020431519,0.0005178497025841158,-0.0015477091073989868,-0.021782711148262024,0.28,10,-0.00142309653915857,0.3,0.9453125,False
D,T,-0.006783574819564819,-0.009931907057762146,-0.0002525481738542253,0.0031483322381973267,-0.016715481877326965,0.26,10,-0.0014909091356553532,0.3,0.9453125,False
D,R,-0.012035384774208069,-0.009747564792633057,-0.0002539920179467437,-0.002287819981575012,-0.021782949566841125,0.28,10,-0.0033588940767865436,0.4,0.828125,False
M,Q,-0.012897685170173645,-0.009467482566833496,-0.000625552472315335,-0.003430202603340149,-0.02236516773700714,0.53,10,-0.002841949031541221,0.3,0.9453125,False
P,Q,-0.010770738124847412,-0.009745284914970398,-0.0006268222081033817,-0.0010254532098770142,-0.02051602303981781,0.49,10,-0.004274319857358931,0.2,0.9892578125,False
M,T,-0.011063501238822937,-0.011184871196746826,-0.0017862211716802483,0.00012136995792388916,-0.022248372435569763,0.77,10,-0.0026484603552441844,0.5,0.623046875,False
D,S,-0.011228904128074646,-0.010888934135437012,-0.0018826152148999674,-0.0003399699926376343,-0.022117838263511658,0.7,10,0.00018987502706678295,0.4,0.828125,False
L,T,-0.009914666414260864,-0.008026078343391418,-0.002211832843328776,-0.0018885880708694458,-0.017940744757652283,0.81,10,-0.005033230663914429,0.3,0.9453125,False
P,S,-0.013332605361938477,-0.011381059885025024,-0.0023296390709124136,-0.0019515454769134521,-0.0247136652469635,0.93,10,-0.0011708651326204592,0.6,0.376953125,False
D,Q,-0.007068455219268799,-0.01309862732887268,-0.002426684843866448,0.006030172109603882,-0.02016708254814148,0.76,10,-0.0015126097751291174,0.2,0.9892578125,False
O,S,-0.017131879925727844,-0.011933431029319763,-0.0029924607590625174,-0.005198448896408081,-0.029065310955047607,0.96,10,-0.0034767206954328623,0.4,0.828125,False
P,T,-0.011153534054756165,-0.011400222778320312,-0.00394202000216434,0.00024668872356414795,-0.022553756833076477,0.98,10,0.0010614179859035904,0.8,0.0546875,False
G,Q,-0.01036342978477478,-0.0032785236835479736,-0.004273755142563268,-0.007084906101226807,-0.013641953468322754,0.97,10,-0.005413249331085305,0.4,0.828125,False
L,S,-0.014089196920394897,-0.009715646505355835,-0.004303642166288276,-0.0043735504150390625,-0.023804843425750732,0.99,10,-0.0054841023134557815,0.3,0.9453125,False
M,S,-0.018596187233924866,-0.009952381253242493,-0.004314127878138893,-0.008643805980682373,-0.02854856848716736,1.0,10,-0.0010862119495868676,0.3,0.9453125,False
M,R,-0.01666995882987976,-0.013194635510444641,-0.004336419231013245,-0.0034753233194351196,-0.029864594340324402,0.99,10,-0.004188159304229835,0.2,0.9892578125,False
G,T,-0.005906909704208374,-0.007134974002838135,-0.004951149382089314,0.0012280642986297607,-0.013041883707046509,0.99,10,-0.007137109456877959,0.2,0.9892578125,False
A,Q,-0.014630645513534546,-0.009746789932250977,-0.006483070317067599,-0.004883855581283569,-0.024377435445785522,1.0,10,-0.006306221806689312,0.1,0.9990234375,False
G,R,-0.014047190546989441,-0.006232112646102905,-0.0071225450227135135,-0.007815077900886536,-0.020279303193092346,1.0,10,-0.003366888392912714,0.4,0.828125,False
K,P,-0.008119791746139526,-0.007578060030937195,-0.007248560221571673,-0.0005417317152023315,-0.01569785177707672,1.0,10,-0.009087150387073818,0.0,1.0,False
L,Q,-0.013870492577552795,-0.010427430272102356,-0.0072915469345293535,-0.0034430623054504395,-0.02429792284965515,1.0,10,-0.008456785937673168,0.0,1.0,False
L,R,-0.014619171619415283,-0.013502940535545349,-0.007327176395215484,-0.001116231083869934,-0.028122112154960632,1.0,10,-0.003874232463146511,0.5,0.623046875,False
K,O,-0.008137792348861694,-0.011926770210266113,-0.007926446983688756,0.003788977861404419,-0.020064562559127808,1.0,10,-0.008442935151489158,0.1,0.9990234375,False
A,S,-0.01864483952522278,-0.009685084223747253,-0.007940733275915445,-0.008959755301475525,-0.028329923748970032,1.0,10,-0.006960714765285191,0.2,0.9892578125,False
A,R,-0.020827263593673706,-0.00885908305644989,-0.008003421676786318,-0.011968180537223816,-0.029686346650123596,1.0,10,-0.01249978279596881,0.1,0.9990234375,False
G,S,-0.01442362368106842,-0.005708813667297363,-0.008269413678269642,-0.008714810013771057,-0.020132437348365784,1.0,10,-0.00822795915760492,0.0,1.0,False
I,J,-0.007119491696357727,-0.008808448910713196,-0.008706715703010556,0.0016889572143554688,-0.015927940607070923,1.0,10,-0.011227229747333024,0.1,0.9990234375,False
K,M,-0.007307276129722595,-0.012026503682136536,-0.009034073823376707,0.00471922755241394,-0.01933377981185913,1.0,10,-0.010881518729423221,0.0,1.0,False
I,K,-0.011490970849990845,-0.011040642857551575,-0.010389058370339242,-0.00045032799243927,-0.02253161370754242,1.0,10,-0.008345319448333038,0.1,0.9990234375,False
E,Q,-0.01484382152557373,-0.009443864226341248,-0.012189150797693352,-0.005399957299232483,-0.024287685751914978,1.0,10,-0.010671295500115346,0.1,0.9990234375,False
E,T,-0.013628289103507996,-0.010016918182373047,-0.012824136332461707,-0.0036113709211349487,-0.023645207285881042,1.0,10,-0.01419513245162211,0.0,1.0,False
D,K,-0.007110148668289185,-0.01211114227771759,-0.012920802517941123,0.005000993609428406,-0.019221290946006775,1.0,10,-0.01343081315097056,0.1,0.9990234375,False
E,R,-0.017925620079040527,-0.011830031871795654,-0.013868557151995205,-0.006095588207244873,-0.02975565195083618,1.0,10,-0.014084751315807043,0.0,1.0,False
E,S,-0.018500342965126038,-0.010834157466888428,-0.01474114013345618,-0.00766618549823761,-0.029334500432014465,1.0,10,-0.013485036751157359,0.0,1.0,False
K,L,-0.00922568142414093,-0.011873438954353333,-0.015532653739577847,0.0026477575302124023,-0.021099120378494263,1.0,10,-0.014432114166648765,0.0,1.0,False
A,T,-0.02043396234512329,-0.0120907723903656,-0.015907833607573255,-0.00834318995475769,-0.03252473473548889,1.0,10,-0.014763429408010684,0.1,0.9990234375,False
J,O,-0.012187480926513672,-0.010951176285743713,-0.015921872069961145,-0.0012363046407699585,-0.023138657212257385,1.0,10,-0.015117906230060676,0.0,1.0,False
A,K,-0.012217313051223755,-0.01064862310886383,-0.01641148030757904,-0.0015686899423599243,-0.022865936160087585,1.0,10,-0.012718715832421654,0.0,1.0,False
J,P,-0.010035976767539978,-0.010102450847625732,-0.016610466492803472,6.64740800857544e-05,-0.02013842761516571,1.0,10,-0.01815888532682469,0.0,1.0,False
G,K,-0.006611913442611694,-0.00799611210823059,-0.01667973650129218,0.0013841986656188965,-0.014608025550842285,1.0,10,-0.016848857740038317,0.1,0.9990234375,False
I,O,-0.007961317896842957,-0.01124979555606842,-0.017166678215328014,0.003288477659225464,-0.019211113452911377,1.0,10,-0.019133360017287104,0.0,1.0,False
N,S,-0.011128216981887817,-0.011151924729347229,-0.01734261073564228,2.370774745941162e-05,-0.022280141711235046,1.0,10,-0.01889985850767085,0.0,1.0,False
N,T,-0.007859095931053162,-0.010713562369346619,-0.017407416669945965,0.002854466438293457,-0.01857265830039978,1.0,10,-0.01627774313092232,0.0,1.0,False
D,J,-0.007596403360366821,-0.011715397238731384,-0.017932642604175365,0.004118993878364563,-0.019311800599098206,1.0,10,-0.01733571498801834,0.0,1.0,False
N,Q,-0.009927809238433838,-0.011831164360046387,-0.01931626796722412,0.0019033551216125488,-0.021758973598480225,1.0,10,-0.020035568703162043,0.0,1.0,False
I,M,-0.007826462388038635,-0.013420641422271729,-0.02104107815968363,0.005594179034233093,-0.021247103810310364,1.0,10,-0.023301609291842107,0.0,1.0,False
H,S,-0.02158033847808838,-0.008560076355934143,-0.021095960704903858,-0.013020262122154236,-0.030140414834022522,1.0,10,-0.022117596041215097,0.0,1.0,False
B,R,-0.017580032348632812,-0.010076522827148438,-0.021098176272291887,-0.007503509521484375,-0.02765655517578125,1.0,10,-0.02285254232977566,0.0,1.0,False
H,R,-0.022138267755508423,-0.009676754474639893,-0.02147683360074696,-0.01246151328086853,-0.031815022230148315,1.0,10,-0.023748465000014558,0.0,1.0,False
C,Q,-0.0134696364402771,-0.010181531310081482,-0.022010423792035952,-0.0032881051301956177,-0.02365116775035858,1.0,10,-0.018818092542259315,0.0,1.0,False
N,R,-0.013257160782814026,-0.01508261263370514,-0.022108507940643708,0.0018254518508911133,-0.028339773416519165,1.0,10,-0.01958763446462782,0.0,1.0,False
I,P,-0.009783759713172913,-0.010752186179161072,-0.022180334674684624,0.0009684264659881592,-0.020535945892333984,1.0,10,-0.021300447104792848,0.0,1.0,False
B,T,-0.013602450489997864,-0.010166019201278687,-0.02227611463320883,-0.0034364312887191772,-0.02376846969127655,1.0,10,-0.020547008632045043,0.0,1.0,False
C,R,-0.01609991490840912,-0.012352824211120605,-0.023023435316587744,-0.003747090697288513,-0.028452739119529724,1.0,10,-0.022939569581496087,0.0,1.0,False
A,J,-0.016291409730911255,-0.008646830916404724,-0.023405115227950246,-0.007644578814506531,-0.02493824064731598,1.0,10,-0.022251912912255836,0.0,1.0,False
C,T,-0.013066843152046204,-0.010909348726272583,-0.023612911920798448,-0.0021574944257736206,-0.023976191878318787,1.0,10,-0.02237996172748114,0.0,1.0,False
C,S,-0.01560625433921814,-0.012170091271400452,-0.023640776307959303,-0.003436163067817688,-0.02777634561061859,1.0,10,-0.022339923562187898,0.0,1.0,False
B,Q,-0.01541893184185028,-0.011079281568527222,-0.02372839435150749,-0.004339650273323059,-0.026498213410377502,1.0,10,-0.021564804213611705,0.0,1.0,False
B,S,-0.01947234570980072,-0.009727105498313904,-0.023934806804907952,-0.009745240211486816,-0.029199451208114624,1.0,10,-0.02152872371830438,0.0,1.0,False
J,L,-0.012591332197189331,-0.011993631720542908,-0.02393982771195863,-0.0005977004766464233,-0.02458496391773224,1.0,10,-0.025036420124141794,0.0,1.0,False
F,R,-0.013821661472320557,-0.00860479474067688,-0.024593323626016315,-0.005216866731643677,-0.022426456212997437,1.0,10,-0.026255741833071954,0.0,1.0,False
D,I,-0.009645506739616394,-0.011219605803489685,-0.024658304452896115,0.001574099063873291,-0.02086511254310608,1.0,10,-0.026834749900981003,0.0,1.0,False
H,Q,-0.021697983145713806,-0.00980927050113678,-0.02495762486206858,-0.011888712644577026,-0.031507253646850586,1.0,10,-0.02242044457479527,0.0,1.0,False
F,Q,-0.011194959282875061,-0.008506163954734802,-0.025656550495248093,-0.002688795328140259,-0.019701123237609863,1.0,10,-0.022881580379448437,0.0,1.0,False
M,P,-0.010501518845558167,-0.01187126338481903,-0.025860020361448587,0.0013697445392608643,-0.022372782230377197,1.0,10,-0.024323962040637668,0.0,1.0,False
H,T,-0.019902125000953674,-0.011405333876609802,-0.026035294093583763,-0.008496791124343872,-0.03130745887756348,1.0,10,-0.022299810655807197,0.0,1.0,False
J,M,-0.014976784586906433,-0.0168246328830719,-0.026423041914638717,0.0018478482961654663,-0.03180141746997833,1.0,10,-0.022100221914680383,0.0,1.0,False
G,J,-0.009211122989654541,-0.01042163372039795,-0.0266257980936452,0.0012105107307434082,-0.01963275671005249,1.0,10,-0.02723527444820655,0.0,1.0,False
F,T,-0.012343525886535645,-0.00767555832862854,-0.027251975473604705,-0.0046679675579071045,-0.020019084215164185,1.0,10,-0.027606252737735447,0.0,1.0,False
F,S,-0.014806613326072693,-0.009179383516311646,-0.02744659875568591,-0.005627229809761047,-0.02398599684238434,1.0,10,-0.029457285176766546,0.0,1.0,False
E,K,-0.015772953629493713,-0.012712150812149048,-0.027826478763630515,-0.0030608028173446655,-0.02848510444164276,1.0,10,-0.026264722762923493,0.0,1.0,False
I,L,-0.009135186672210693,-0.014187529683113098,-0.027849930054263065,0.005052343010902405,-0.02332271635532379,1.0,10,-0.02754387043808636,0.0,1.0,False
D,O,-0.009836167097091675,-0.0149679034948349,-0.02860170226348074,0.005131736397743225,-0.024804070591926575,1.0,10,-0.02926978559086197,0.0,1.0,False
M,O,-0.014560714364051819,-0.014329597353935242,-0.02868872582912445,-0.00023111701011657715,-0.02889031171798706,1.0,10,-0.027672934649806274,0.0,1.0,False
K,N,-0.011615455150604248,-0.009215503931045532,-0.029828162726603057,-0.002399951219558716,-0.02083095908164978,1.0,10,-0.02480509347821537,0.0,1.0,False
D,P,-0.01018892228603363,-0.012409031391143799,-0.030084409368665594,0.0022201091051101685,-0.02259795367717743,1.0,10,-0.0317680986696168,0.0,1.0,False
B,K,-0.010801747441291809,-0.011625528335571289,-0.031097365994202462,0.00082378089427948,-0.022427275776863098,1.0,10,-0.03178355548726885,0.0,1.0,False
C,K,-0.010914966464042664,-0.010602563619613647,-0.03131669540154306,-0.0003124028444290161,-0.02151753008365631,1.0,10,-0.03278611455308763,0.0,1.0,False
J,N,-0.010929062962532043,-0.00664973258972168,-0.03149732963034981,-0.004279330372810364,-0.017578795552253723,1.0,10,-0.03256205873269784,0.0,1.0,False
E,J,-0.015794232487678528,-0.011799484491348267,-0.03185642173415736,-0.003994747996330261,-0.027593716979026794,1.0,10,-0.033002993974246476,0.0,1.0,False
D,M,-0.011163473129272461,-0.016894102096557617,-0.03369361648434087,0.005730628967285156,-0.028057575225830078,1.0,10,-0.03464612862781474,0.0,1.0,False
A,I,-0.019827738404273987,-0.010563820600509644,-0.03403078349013078,-0.009263917803764343,-0.03039155900478363,1.0,10,-0.028735288075710595,0.0,1.0,False
G,I,-0.011656299233436584,-0.010323494672775269,-0.034145185194517445,-0.001332804560661316,-0.021979793906211853,1.0,10,-0.031167064175794002,0.0,1.0,False
L,P,-0.012988954782485962,-0.013043880462646484,-0.03425331272576985,5.492568016052246e-05,-0.026032835245132446,1.0,10,-0.03474919776383199,0.0,1.0,False
G,M,-0.01204429566860199,-0.00860758125782013,-0.03466011756344846,-0.0034367144107818604,-0.02065187692642212,1.0,10,-0.03314446097141818,0.0,1.0,False
L,O,-0.016263827681541443,-0.014325529336929321,-0.03512101047917417,-0.0019382983446121216,-0.030589357018470764,1.0,10,-0.03215614757255504,0.0,1.0,False
G,P,-0.009132146835327148,-0.010961070656776428,-0.035951872562107294,0.0018289238214492798,-0.020093217492103577,1.0,10,-0.03775968853580324,0.0,1.0,False
D,L,-0.009866520762443542,-0.016206160187721252,-0.036441961558241594,0.00633963942527771,-0.026072680950164795,1.0,10,-0.03488901645729416,0.0,1.0,False
G,O,-0.009911566972732544,-0.01458577811717987,-0.03666717613998213,0.004674211144447327,-0.024497345089912415,1.0,10,-0.037157099694013596,0.0,1.0,False
A,O,-0.019920721650123596,-0.013723105192184448,-0.03728749108941932,-0.006197616457939148,-0.033643826842308044,1.0,10,-0.037852216041401814,0.0,1.0,False
A,M,-0.01658076047897339,-0.015623793005943298,-0.03768662731898458,-0.0009569674730300903,-0.03220455348491669,1.0,10,-0.040253952027935726,0.0,1.0,False
B,J,-0.015619605779647827,-0.009531766176223755,-0.038742792606353764,-0.006087839603424072,-0.025151371955871582,1.0,10,-0.037629807426741255,0.0,1.0,False
E,I,-0.020627617835998535,-0.008750483393669128,-0.03881315588951111,-0.011877134442329407,-0.029378101229667664,1.0,10,-0.03885833287709638,0.0,1.0,False
D,G,-0.010978206992149353,-0.009898409247398376,-0.038884074436990844,-0.0010797977447509766,-0.02087661623954773,1.0,10,-0.035451088492807585,0.0,1.0,False
A,P,-0.018024608492851257,-0.013960570096969604,-0.039317666856866135,-0.004064038395881653,-0.03198517858982086,1.0,10,-0.03796528683681237,0.0,1.0,False
F,K,-0.010772839188575745,-0.01181398332118988,-0.039982159043613234,0.0010411441326141357,-0.022586822509765625,1.0,10,-0.04034434043263134,0.0,1.0,False
I,N,-0.008841589093208313,-0.012606501579284668,-0.04053897465530195,0.003764912486076355,-0.02144809067249298,1.0,10,-0.03953422923621378,0.0,1.0,False
G,L,-0.010464832186698914,-0.011985063552856445,-0.04119137572614771,0.0015202313661575317,-0.02244989573955536,1.0,10,-0.042803723365068436,0.0,1.0,False
E,P,-0.015277281403541565,-0.01339559257030487,-0.04180119241538801,-0.0018816888332366943,-0.028672873973846436,1.0,10,-0.04365393531165625,0.0,1.0,False
C,J,-0.014165490865707397,-0.012979492545127869,-0.04186547916186483,-0.0011859983205795288,-0.027144983410835266,1.0,10,-0.03963173670988334,0.0,1.0,False
A,G,-0.013872802257537842,-0.010396793484687805,-0.042123086515225866,-0.0034760087728500366,-0.024269595742225647,1.0,10,-0.042422499272384145,0.0,1.0,False
E,M,-0.014560282230377197,-0.016726911067962646,-0.04256509730690404,0.0021666288375854492,-0.031287193298339844,1.0,10,-0.042796130909731514,0.0,1.0,False
F,J,-0.010544314980506897,-0.01011580228805542,-0.04297678423555274,-0.00042851269245147705,-0.020660117268562317,1.0,10,-0.04352856996028047,0.0,1.0,False
N,P,-0.007234856486320496,-0.013170719146728516,-0.043189723397556105,0.00593586266040802,-0.02040557563304901,1.0,10,-0.043989733528149756,0.0,1.0,False
B,I,-0.014521166682243347,-0.010139942169189453,-0.04342487940662786,-0.004381224513053894,-0.0246611088514328,1.0,10,-0.04690674351234186,0.0,1.0,False
A,L,-0.017693907022476196,-0.016619890928268433,-0.04452911113437853,-0.0010740160942077637,-0.03431379795074463,1.0,10,-0.04403983829052825,0.0,1.0,False
C,I,-0.013897672295570374,-0.011255413293838501,-0.04504593124515132,-0.0026422590017318726,-0.025153085589408875,1.0,10,-0.04387009100694405,0.0,1.0,False
E,O,-0.0188656747341156,-0.017003536224365234,-0.04530870538008841,-0.0018621385097503662,-0.035869210958480835,1.0,10,-0.04150924615954098,0.0,1.0,False
N,O,-0.009672388434410095,-0.01670677959918976,-0.04547449177817295,0.007034391164779663,-0.026379168033599854,1.0,10,-0.04899706381716226,0.0,1.0,False
B,P,-0.012505680322647095,-0.011254921555519104,-0.046217636215059386,-0.0012507587671279907,-0.0237606018781662,1.0,10,-0.0464583486710724,0.0,1.0,False
D,E,-0.014896705746650696,-0.017430007457733154,-0.04760383477336482,0.0025333017110824585,-0.03232671320438385,1.0,10,-0.04622664871184449,0.0,1.0,False
H,O,-0.019520729780197144,-0.01370762288570404,-0.04821675325694838,-0.005813106894493103,-0.033228352665901184,1.0,10,-0.050754350463026454,0.0,1.0,False
C,P,-0.013069763779640198,-0.012406006455421448,-0.049061879672502216,-0.00066375732421875,-0.025475770235061646,1.0,10,-0.05067843202697603,0.0,1.0,False
H,P,-0.01834547519683838,-0.012332573533058167,-0.04935527334087774,-0.006012901663780212,-0.030678048729896545,1.0,10,-0.04875951938723263,0.0,1.0,False
E,L,-0.017795756459236145,-0.01576375961303711,-0.04957065943040346,-0.0020319968461990356,-0.033559516072273254,1.0,10,-0.04769191228245434,0.0,1.0,False
F,I,-0.01213333010673523,-0.01028461754322052,-0.049906964521659054,-0.0018487125635147095,-0.02241794764995575,1.0,10,-0.05136458312994555,0.0,1.0,False
A,E,-0.01701582968235016,-0.017970338463783264,-0.0501093222906715,0.0009545087814331055,-0.03498616814613342,1.0,10,-0.05039248972346908,0.0,1.0,False
D,N,-0.013730734586715698,-0.011594980955123901,-0.05025866643378609,-0.002135753631591797,-0.0253257155418396,1.0,10,-0.0498256522181787,0.0,1.0,False
H,M,-0.020568907260894775,-0.01312418282032013,-0.05051990025921872,-0.007444724440574646,-0.033693090081214905,1.0,10,-0.051163974051412785,0.0,1.0,False
A,N,-0.016689732670783997,-0.009335681796073914,-0.05080439793436151,-0.007354050874710083,-0.02602541446685791,1.0,10,-0.05296160990470335,0.0,1.0,False
C,O,-0.015851452946662903,-0.016074880957603455,-0.05182361932177293,0.00022342801094055176,-0.03192633390426636,1.0,10,-0.05158591344952583,0.0,1.0,False
B,O,-0.01649416983127594,-0.017097562551498413,-0.05235994269973354,0.0006033927202224731,-0.03359173238277435,1.0,10,-0.05032935664057732,0.0,1.0,False
C,M,-0.015724360942840576,-0.015588343143463135,-0.053048399090766904,-0.0001360177993774414,-0.03131270408630371,1.0,10,-0.053612599129739556,0.0,1.0,False
C,G,-0.01000620424747467,-0.009356170892715454,-0.05346948708358564,-0.0006500333547592163,-0.019362375140190125,1.0,10,-0.055467561867676284,0.0,1.0,False
B,L,-0.01521185040473938,-0.013232618570327759,-0.05378432822854896,-0.001979231834411621,-0.02844446897506714,1.0,10,-0.05548171177506447,0.0,1.0,False
B,M,-0.017148464918136597,-0.01632232964038849,-0.054077414462440895,-0.0008261352777481079,-0.033470794558525085,1.0,10,-0.05288791095739918,0.0,1.0,False
H,L,-0.020123422145843506,-0.013242200016975403,-0.054925671690388735,-0.006881222128868103,-0.03336562216281891,1.0,10,-0.05839862082349627,0.0,1.0,False
F,O,-0.012590378522872925,-0.015101909637451172,-0.05518574479379153,0.002511531114578247,-0.027692288160324097,1.0,10,-0.05490140769826738,0.0,1.0,False
D,H,-0.011339142918586731,-0.023226603865623474,-0.0553917745226308,0.011887460947036743,-0.034565746784210205,1.0,10,-0.05230146838646186,0.0,1.0,False
C,L,-0.015445753931999207,-0.01368384063243866,-0.05559852891846707,-0.0017619132995605469,-0.029129594564437866,1.0,10,-0.05574032738804817,0.0,1.0,False
F,M,-0.012317880988121033,-0.014197051525115967,-0.05584679873366105,0.001879170536994934,-0.026514932513237,1.0,10,-0.057548540477689945,0.0,1.0,False
F,P,-0.012694865465164185,-0.01201803982257843,-0.055895185941144045,-0.0006768256425857544,-0.024712905287742615,1.0,10,-0.05639108054732021,0.0,1.0,False
G,N,-0.015348061919212341,-0.007456690073013306,-0.05610990226268769,-0.007891371846199036,-0.022804751992225647,1.0,10,-0.05454472911201026,0.0,1.0,False
B,G,-0.014323994517326355,-0.010455921292304993,-0.05775795265247948,-0.0038680732250213623,-0.024779915809631348,1.0,10,-0.059168208625755815,0.0,1.0,False
A,H,-0.015849992632865906,-0.02154223620891571,-0.058064289155759306,0.005692243576049805,-0.037392228841781616,1.0,10,-0.05953189860049046,0.0,1.0,False
D,F,-0.011385530233383179,-0.013448461890220642,-0.05816507590444465,0.0020629316568374634,-0.02483399212360382,1.0,10,-0.056459261908342974,0.0,1.0,False
G,H,-0.013058453798294067,-0.016850292682647705,-0.059106973597877914,0.0037918388843536377,-0.029908746480941772,1.0,10,-0.058953362977818446,0.0,1.0,False
F,L,-0.012150838971138,-0.01432982087135315,-0.06054576541248121,0.002178981900215149,-0.02648065984249115,1.0,10,-0.05827317688810198,0.0,1.0,False
C,E,-0.016121000051498413,-0.015136554837226868,-0.06263433020365865,-0.0009844452142715454,-0.03125755488872528,1.0,10,-0.06455388324041116,0.0,1.0,False
B,E,-0.015107676386833191,-0.017668291926383972,-0.06302366852760315,0.0025606155395507812,-0.03277596831321716,1.0,10,-0.062408498988339764,0.0,1.0,False
E,N,-0.01779097318649292,-0.014921337366104126,-0.06328712419459694,-0.002869635820388794,-0.032712310552597046,1.0,10,-0.0624043719941064,0.0,1.0,False
C,N,-0.015304729342460632,-0.010199189186096191,-0.06653652316645571,-0.005105540156364441,-0.025503918528556824,1.0,10,-0.06766543698153997,0.0,1.0,False
E,H,-0.016657754778862,-0.02368275821208954,-0.06680840347942553,0.007025003433227539,-0.04034051299095154,1.0,10,-0.0681121576381357,0.0,1.0,False
A,F,-0.018459290266036987,-0.016246899962425232,-0.06788330658486015,-0.0022123903036117554,-0.03470619022846222,1.0,10,-0.0667720017856673,0.0,1.0,False
B,N,-0.015655681490898132,-0.01272881031036377,-0.0682880213386134,-0.002926871180534363,-0.028384491801261902,1.0,10,-0.06969033938489463,0.0,1.0,False
B,H,-0.015288665890693665,-0.018979862332344055,-0.07006513460686332,0.0036911964416503906,-0.03426852822303772,1.0,10,-0.07426074919731993,0.0,1.0,False
C,H,-0.014912411570549011,-0.019115328788757324,-0.07095342184367932,0.004202917218208313,-0.034027740359306335,1.0,10,-0.07018329677613158,0.0,1.0,False
H,N,-0.020143240690231323,-0.015067219734191895,-0.07133418023586273,-0.005076020956039429,-0.03521046042442322,1.0,10,-0.06949351371118898,0.0,1.0,False
F,N,-0.014480382204055786,-0.010463401675224304,-0.07357255973313984,-0.004016980528831482,-0.02494378387928009,1.0,10,-0.07294663728067749,0.0,1.0,False
C,F,-0.016640231013298035,-0.012915194034576416,-0.07898616257466767,-0.0037250369787216187,-0.02955542504787445,1.0,10,-0.07970333424837965,0.0,1.0,False
F,H,-0.013356402516365051,-0.02141667902469635,-0.07929493424139525,0.008060276508331299,-0.0347730815410614,1.0,10,-0.07741891549606074,0.0,1.0,False
B,F,-0.016378208994865417,-0.01567228138446808,-0.08035215280557934,-0.0007059276103973389,-0.032050490379333496,1.0,10,-0.07886443314583678,0.0,1.0,False
