condition_a,condition_b,cross_asym_median,directional_score_median,sign_consensus,n_pos,n_neg,classification,direction,upstream,null_p
B,C,0.1751154661178589,0.4510585516691208,1.0,8,0,STRONG,a_to_b,B,0.0
M,N,0.16641032695770264,0.5698697865009308,1.0,8,0,STRONG,a_to_b,M,0.0
H,J,0.15293914079666138,0.5322500020265579,1.0,8,0,STRONG,a_to_b,H,0.01
C,D,0.140691876411438,0.6153698563575745,1.0,8,0,STRONG,a_to_b,C,0.0
A,C,0.13942070305347443,0.8500391393899918,1.0,8,0,STRONG,a_to_b,A,0.01
L,N,0.13658294081687927,0.45837071537971497,1.0,8,0,STRONG,a_to_b,L,0.0
E,F,0.13141953945159912,0.4378565549850464,1.0,8,0,STRONG,a_to_b,E,0.0
H,I,0.12876015901565552,0.4076682925224304,1.0,8,0,STRONG,a_to_b,H,0.01
B,D,0.12770815193653107,0.7429183274507523,1.0,8,0,STRONG,a_to_b,B,0.0
E,G,0.11893130838871002,0.7453403472900391,1.0,8,0,STRONG,a_to_b,E,0.01
H,K,0.10616198182106018,0.6014811992645264,1.0,8,0,STRONG,a_to_b,H,0.07
F,G,0.07365256547927856,0.5693152546882629,1.0,8,0,STRONG,a_to_b,F,0.07
A,D,0.061111852526664734,1.0122071951627731,1.0,8,0,STRONG,a_to_b,A,0.28
A,B,0.04794558882713318,0.48435696959495544,1.0,8,0,STRONG,a_to_b,A,0.3
O,P,0.03974224627017975,0.391276478767395,1.0,8,0,STRONG,a_to_b,O,0.27
L,M,-0.0163736492395401,0.7408539801836014,0.875,1,7,STRONG,b_to_a,M,0.71
R,T,0.010207697749137878,0.9635313898324966,0.75,6,2,STRONG,a_to_b,R,0.74
J,R,-0.0063742995262146,0.8913531452417374,0.875,1,7,AMBIGUOUS,ambiguous,,0.78
J,S,-0.006127104163169861,0.7860493808984756,0.75,2,6,AMBIGUOUS,ambiguous,,0.82
Q,R,-0.0052923113107681274,0.9275602996349335,0.625,3,5,AMBIGUOUS,ambiguous,,0.84
I,R,-0.0025877058506011963,0.8617518097162247,0.5,4,4,AMBIGUOUS,ambiguous,,0.93
R,S,0.0020960867404937744,0.7622120976448059,0.5,4,4,AMBIGUOUS,ambiguous,,0.93
S,T,0.002046436071395874,0.8530190736055374,0.5,4,4,AMBIGUOUS,ambiguous,,0.92
J,T,-0.00148087739944458,0.9900602698326111,0.75,2,6,AMBIGUOUS,ambiguous,,0.94
Q,S,-0.0014445185661315918,0.8147110790014267,0.5,4,4,AMBIGUOUS,ambiguous,,0.94
K,S,0.0010323971509933472,0.7263283729553223,0.625,5,3,AMBIGUOUS,ambiguous,,0.96
K,Q,-0.0005840212106704712,0.8935216516256332,0.5,4,4,AMBIGUOUS,ambiguous,,0.99
Q,T,-0.0004733949899673462,1.019179791212082,0.5,4,4,AMBIGUOUS,ambiguous,,0.98
K,R,0.00032414495944976807,0.8323875665664673,0.5,4,4,AMBIGUOUS,ambiguous,,0.98
K,T,0.00030125677585601807,0.9268611073493958,0.5,4,4,AMBIGUOUS,ambiguous,,0.99
