axis_a,axis_b,literature_status,literature_direction,expected_sign,cross_median,cross_consensus,cross_n_pos,cross_n_neg,classification,cross_sign_correct,null_n_perms,cross_null_mean,cross_null_q025,cross_null_q975,cross_p_emp_two_sided,dirscore_median,dirscore_consensus,dirscore_sign_correct,dirscore_p_emp_two_sided,dir_n_perms,dir_n_celltypes,dir_null_center,dir_null_q025,dir_null_q975,dir_p_emp,median_score,sign_consensus,sign_correct,error
IFNb,IL15,UNKNOWN,no_lit,,0.013568758964538574,0.6153846153846154,8,5,WEAK,False,100,-0.0028827960789203646,-0.02089758636429906,0.027788275806233286,0.31,0.1204025149345398,0.9230769230769231,False,0.0,0,0,,,,,0.013568758964538574,0.6153846153846154,False,
IFNb,IFNg,TYPE1_IFN_PRIME,a_to_b,1.0,0.07698091864585876,0.8461538461538461,11,2,STRONG,True,100,-0.00160827093757689,-0.016065967082977296,0.026667073834687468,0.0,0.20610997080802917,1.0,True,0.0,0,0,,,,,0.07698091864585876,0.8461538461538461,True,
IL4,IL6,UNKNOWN,no_lit,,0.06230232119560242,0.8333333333333334,10,2,STRONG,False,100,0.002567008985206485,-0.005953256762586534,0.013677115878090245,0.0,-0.03406897187232971,0.6666666666666666,False,0.0,0,0,,,,,0.06230232119560242,0.8333333333333334,False,
IFNb,IL18,UNKNOWN,no_lit,,0.023179322481155396,0.5384615384615384,7,6,WEAK,False,100,-0.0032893660198897124,-0.02379863364621997,0.028681622073054303,0.1,0.22807633876800537,1.0,False,0.0,0,0,,,,,0.023179322481155396,0.5384615384615384,False,
IFNg,IL18,NK_IFNG,b_to_a,-1.0,-0.060588300228118896,0.7692307692307693,3,10,STRONG,True,100,-0.003985858224332332,-0.01882132198661566,0.011069392366334795,0.0,0.03837078809738159,1.0,False,0.0,0,0,,,,,-0.060588300228118896,0.7692307692307693,True,
IL13,TNFa,UNKNOWN,no_lit,,-0.03762999176979065,0.9230769230769231,1,12,STRONG,False,100,-0.0013821242470294238,-0.013777986448258162,0.009157594200223685,0.0,-0.02396152913570404,0.6923076923076923,False,0.0,0,0,,,,,-0.03762999176979065,0.9230769230769231,False,
IL13,IL1b,UNKNOWN,no_lit,,-0.01779426634311676,0.6923076923076923,4,9,WEAK,False,100,0.004120235750451684,-0.007972250320017337,0.016123790480196444,0.03,-0.014576852321624756,0.6153846153846154,False,0.07,0,0,,,,,-0.01779426634311676,0.6923076923076923,False,
IL12,IL4,UNKNOWN,no_lit,,0.005646228790283203,0.5833333333333334,7,5,AMBIGUOUS,False,100,0.001302976864390075,-0.011401247372850776,0.0163903392618522,0.4,0.022051334381103516,0.8333333333333334,False,0.0,0,0,,,,,0.005646228790283203,0.5833333333333334,False,
IL10,IL1b,UNKNOWN,no_lit,,0.0194704532623291,0.6923076923076923,9,4,WEAK,False,100,0.00293773939833045,-0.007447450328618288,0.01314856316894292,0.0,0.01059618592262268,0.8461538461538461,False,0.11,0,0,,,,,0.0194704532623291,0.6923076923076923,False,
IL13,IL6,UNKNOWN,no_lit,,0.022407203912734985,0.9230769230769231,12,1,STRONG,False,100,0.0005807433743029832,-0.00535749071277678,0.006091413088142872,0.0,-0.01126137375831604,0.6153846153846154,False,0.0,0,0,,,,,0.022407203912734985,0.9230769230769231,False,
IL2,IL4,UNKNOWN,no_lit,,0.04826036095619202,0.8333333333333334,10,2,STRONG,False,100,-0.0015519761480391025,-0.015101563837379216,0.011234266613610076,0.0,-0.0025911331176757812,0.5,False,0.59,0,0,,,,,0.04826036095619202,0.8333333333333334,False,
IL10,IL13,UNKNOWN,no_lit,,0.005498439073562622,0.5384615384615384,7,6,AMBIGUOUS,False,100,-0.001116985660046339,-0.008634951431304216,0.006033668015152215,0.22,0.02544255554676056,1.0,False,0.0,0,0,,,,,0.005498439073562622,0.5384615384615384,False,
IL13,IL4,OVERLAP_STAT6,no_lit,,0.023341849446296692,0.75,9,3,STRONG,False,100,-0.0018026546388864517,-0.01515537421219051,0.009324029204435645,0.0,0.015675485134124756,0.8333333333333334,False,0.02,0,0,,,,,0.023341849446296692,0.75,False,
IFNb,IL1b,UNKNOWN,no_lit,,0.05380943417549133,0.9230769230769231,12,1,STRONG,False,100,0.004154033940285445,-0.014521157555282115,0.035953914793208155,0.0,0.20811355113983154,1.0,False,0.0,0,0,,,,,0.05380943417549133,0.9230769230769231,False,
IL10,IL6,UNKNOWN,no_lit,,0.02528136968612671,0.9230769230769231,12,1,STRONG,False,100,-0.0011462203972041607,-0.009154375083744526,0.005443671531975262,0.0,0.007332563400268555,0.5384615384615384,False,0.06,0,0,,,,,0.02528136968612671,0.9230769230769231,False,
IL12,IL2,UNKNOWN,no_lit,,-0.017400383949279785,0.5384615384615384,6,7,WEAK,False,100,0.00293778657913208,-0.012222088687121869,0.012756438506767146,0.03,-0.01323246955871582,0.6153846153846154,False,0.01,0,0,,,,,-0.017400383949279785,0.5384615384615384,False,
IL10,TNFa,UNKNOWN,no_lit,,0.01582467555999756,0.6153846153846154,8,5,WEAK,False,100,-0.0036272989213466645,-0.016407385747879744,0.008336710743606087,0.04,0.014500439167022705,0.6923076923076923,False,0.08,0,0,,,,,0.01582467555999756,0.6153846153846154,False,
IFNb,IL2,UNKNOWN,no_lit,,0.021109849214553833,0.6923076923076923,9,4,WEAK,False,100,0.0015321546327322722,-0.020423865295015275,0.041016580630093676,0.12,0.2183181345462799,1.0,False,0.0,0,0,,,,,0.021109849214553833,0.6923076923076923,False,
IL18,IL2,UNKNOWN,no_lit,,-0.01893526315689087,0.6153846153846154,5,8,WEAK,False,100,0.003997730603441596,-0.009429757576435804,0.01911836145445704,0.03,0.023238539695739746,0.9230769230769231,False,0.0,0,0,,,,,-0.01893526315689087,0.6153846153846154,False,
IFNg,IL15,NK_IFNG,b_to_a,-1.0,-0.06300705671310425,1.0,0,13,STRONG,True,100,-0.0026184424571692945,-0.017134304344654083,0.009973702952265729,0.0,0.058742016553878784,0.9230769230769231,False,0.0,0,0,,,,,-0.06300705671310425,1.0,True,
IL12,IL13,UNKNOWN,no_lit,,0.003097444772720337,0.6153846153846154,8,5,AMBIGUOUS,False,100,0.0034532094933092594,-0.004574967734515667,0.014376095402985806,0.56,0.020850062370300293,0.6923076923076923,False,0.0,0,0,,,,,0.003097444772720337,0.6153846153846154,False,
IL10,IL12,ANTAGONISM,no_lit,,-0.004184901714324951,0.6923076923076923,4,9,AMBIGUOUS,False,100,-0.005692653590813279,-0.01578003689646721,0.0026184886693954397,0.62,0.013472795486450195,0.6153846153846154,False,0.01,0,0,,,,,-0.004184901714324951,0.6923076923076923,False,
IL15,IL1b,UNKNOWN,no_lit,,0.010802417993545532,0.6153846153846154,8,5,WEAK,False,100,0.005442325249314308,-0.010100527107715607,0.020513289421796792,0.23,0.00592389702796936,0.5384615384615384,False,0.38,0,0,,,,,0.010802417993545532,0.6153846153846154,False,
IFNg,IL12,BIDIRECTIONAL,bidir,,-0.024668753147125244,0.6923076923076923,4,9,WEAK,False,100,-0.0036170906946063042,-0.0140862587839365,0.00895252861082552,0.0,0.0944739580154419,0.9230769230769231,False,0.0,0,0,,,,,-0.024668753147125244,0.6923076923076923,False,
IL15,IL18,UNKNOWN,no_lit,,0.03326970338821411,0.7692307692307693,10,3,STRONG,False,100,-0.0005005568452179431,-0.0137206906452775,0.015801350865513084,0.0,0.031599074602127075,0.7692307692307693,False,0.0,0,0,,,,,0.03326970338821411,0.7692307692307693,False,
IL6,TNFa,NFKB_STAT3,b_to_a,-1.0,-0.022692888975143433,0.8461538461538461,2,11,STRONG,True,100,-0.001922870734706521,-0.013551064766943455,0.008781874040141701,0.0,-0.016263842582702637,0.5384615384615384,True,0.0,0,0,,,,,-0.022692888975143433,0.8461538461538461,True,
IL1b,IL6,NFKB_STAT3,a_to_b,1.0,-0.005664348602294922,0.6153846153846154,5,8,AMBIGUOUS,False,100,-0.0032004673779010774,-0.011793462466448546,0.004810973396524781,0.35,-0.012910127639770508,0.5384615384615384,False,0.09,0,0,,,,,-0.005664348602294922,0.6153846153846154,False,
IL2,IL6,UNKNOWN,no_lit,,0.041359126567840576,0.9230769230769231,12,1,STRONG,False,100,0.0008981867600232362,-0.009132076520472765,0.012639471422880882,0.0,-0.020673274993896484,0.7692307692307693,False,0.01,0,0,,,,,0.041359126567840576,0.9230769230769231,False,
IL10,IL4,UNKNOWN,no_lit,,0.0392322838306427,0.8333333333333334,10,2,STRONG,False,100,-0.002997534219175577,-0.015346108912490308,0.009041882236488129,0.0,0.04969280958175659,0.8333333333333334,False,0.0,0,0,,,,,0.0392322838306427,0.8333333333333334,False,
IL12,IL15,UNKNOWN,no_lit,,-0.01579296588897705,0.6153846153846154,5,8,WEAK,False,100,0.0008711326308548451,-0.011793045792728662,0.012054974026978004,0.01,0.022998899221420288,0.7692307692307693,False,0.0,0,0,,,,,-0.01579296588897705,0.6153846153846154,False,
IFNg,IL2,NK_IFNG,b_to_a,-1.0,-0.06291067600250244,0.7692307692307693,3,10,STRONG,True,100,-0.0004919440113008022,-0.01621332047507167,0.015754861943423744,0.0,0.07318928837776184,1.0,False,0.0,0,0,,,,,-0.06291067600250244,0.7692307692307693,True,
IL10,IL2,UNKNOWN,no_lit,,0.01107373833656311,0.6923076923076923,9,4,WEAK,False,100,-0.00212037293240428,-0.010257619246840478,0.006594816781580441,0.02,-0.0014113187789916992,0.6153846153846154,False,0.77,0,0,,,,,0.01107373833656311,0.6923076923076923,False,
IL18,IL4,UNKNOWN,no_lit,,0.0243222713470459,0.5833333333333334,7,5,WEAK,False,100,0.0030308385752141477,-0.01024824003688991,0.01571816222276538,0.0,0.08023834228515625,0.8333333333333334,False,0.0,0,0,,,,,0.0243222713470459,0.5833333333333334,False,
IL12,IL6,UNKNOWN,no_lit,,0.03448835015296936,0.8461538461538461,11,2,STRONG,False,100,0.004101132974028587,-0.0028906792402267458,0.011975549720227718,0.0,0.007790267467498779,0.6923076923076923,False,0.07,0,0,,,,,0.03448835015296936,0.8461538461538461,False,
IL12,IL1b,UNKNOWN,no_lit,,0.03598412871360779,0.6153846153846154,8,5,WEAK,False,100,0.007861432321369648,-0.0014400619082152843,0.0209422655403614,0.0,0.0052470862865448,0.6153846153846154,False,0.54,0,0,,,,,0.03598412871360779,0.6153846153846154,False,
IL1b,TNFa,OVERLAP_NFKB,no_lit,,0.01848292350769043,0.7692307692307693,10,3,STRONG,False,100,-0.004486752348020673,-0.01751452786847949,0.008486817823722957,0.03,0.0015673637390136719,0.5384615384615384,False,0.77,0,0,,,,,0.01848292350769043,0.7692307692307693,False,
IL18,TNFa,UNKNOWN,no_lit,,-0.006356358528137207,0.5384615384615384,6,7,AMBIGUOUS,False,100,0.0016325422190129758,-0.009397881478071213,0.015783987520262593,0.37,0.03246298432350159,0.9230769230769231,False,0.0,0,0,,,,,-0.006356358528137207,0.5384615384615384,False,
IFNg,TNFa,UNKNOWN,no_lit,,-0.005985766649246216,0.5384615384615384,6,7,AMBIGUOUS,False,100,0.0008094004448503256,-0.012908834032714367,0.014574102871119973,0.34,0.07158869504928589,1.0,False,0.0,0,0,,,,,-0.005985766649246216,0.5384615384615384,False,
IL15,IL4,UNKNOWN,no_lit,,0.07206743955612183,0.9166666666666666,11,1,STRONG,False,100,0.0016433532675728202,-0.011862845835275948,0.01879810509271919,0.0,0.061364129185676575,0.75,False,0.0,0,0,,,,,0.07206743955612183,0.9166666666666666,False,
IL18,IL6,UNKNOWN,no_lit,,0.05516970157623291,1.0,13,0,STRONG,False,100,0.004011323852464557,-0.009332504589110613,0.01749869845807552,0.0,0.00549161434173584,0.6923076923076923,False,0.43,0,0,,,,,0.05516970157623291,1.0,False,
IL2,TNFa,UNKNOWN,no_lit,,0.014518648386001587,0.5384615384615384,7,6,WEAK,False,100,-0.0007613386958837509,-0.0166113399900496,0.015548467729240633,0.08,0.000649869441986084,0.5384615384615384,False,0.96,0,0,,,,,0.014518648386001587,0.5384615384615384,False,
IL12,TNFa,UNKNOWN,no_lit,,-0.008572101593017578,0.5384615384615384,6,7,AMBIGUOUS,False,100,0.00159584978595376,-0.011852017696946859,0.012578004039824,0.14,0.01224905252456665,0.6153846153846154,False,0.09,0,0,,,,,-0.008572101593017578,0.5384615384615384,False,
IFNb,TNFa,UNKNOWN,no_lit,,0.012470275163650513,0.5384615384615384,7,6,WEAK,False,100,-0.0005747092887759209,-0.01831837249919772,0.03559838272631168,0.26,0.24855393171310425,1.0,False,0.0,0,0,,,,,0.012470275163650513,0.5384615384615384,False,
IFNg,IL6,UNKNOWN,no_lit,,0.04683321714401245,1.0,13,0,STRONG,False,100,0.0017169469222426414,-0.00490343077108264,0.013774699531495554,0.0,0.09194272756576538,1.0,False,0.0,0,0,,,,,0.04683321714401245,1.0,False,
IL15,TNFa,UNKNOWN,no_lit,,0.028352588415145874,0.6923076923076923,9,4,WEAK,False,100,0.0010650126822292804,-0.013893115241080523,0.01808805558830497,0.0,0.020273149013519287,0.6923076923076923,False,0.03,0,0,,,,,0.028352588415145874,0.6923076923076923,False,
IL13,IL18,UNKNOWN,no_lit,,-0.01107245683670044,0.8461538461538461,2,11,STRONG,False,100,-0.004193502338603139,-0.015705222077667714,0.00678611751645803,0.14,0.05415670573711395,1.0,False,0.0,0,0,,,,,-0.01107245683670044,0.8461538461538461,False,
IL13,IL2,UNKNOWN,no_lit,,-0.010019034147262573,0.7692307692307693,3,10,STRONG,False,100,-0.0006372105330228805,-0.011099646985530853,0.011337821278721091,0.11,0.014541983604431152,0.6923076923076923,False,0.04,0,0,,,,,-0.010019034147262573,0.7692307692307693,False,
IL15,IL2,OVERLAP_STAT5,no_lit,,0.014719069004058838,0.6923076923076923,9,4,WEAK,False,100,0.0014749025274068117,-0.01217180397361517,0.02075899830088018,0.05,0.013679474592208862,0.9230769230769231,False,0.03,0,0,,,,,0.014719069004058838,0.6923076923076923,False,
IL1b,IL4,UNKNOWN,no_lit,,0.02294120192527771,0.75,9,3,STRONG,False,100,-0.006074068993330002,-0.022177048260346055,0.009973711799830197,0.01,0.06383392214775085,0.8333333333333334,False,0.0,0,0,,,,,0.02294120192527771,0.75,False,
IL12,IL18,UNKNOWN,no_lit,,0.0035237669944763184,0.5384615384615384,7,6,AMBIGUOUS,False,100,-0.00018910487182438373,-0.013545937463641166,0.013053282722830763,0.54,0.0334240198135376,0.8461538461538461,False,0.0,0,0,,,,,0.0035237669944763184,0.5384615384615384,False,
IL4,TNFa,UNKNOWN,no_lit,,-0.01702834665775299,0.8333333333333334,2,10,STRONG,False,100,0.0009761449042707682,-0.015576620446518063,0.01291070338338613,0.02,0.06879730522632599,1.0,False,0.0,0,0,,,,,-0.01702834665775299,0.8333333333333334,False,
IL1b,IL2,UNKNOWN,no_lit,,-0.005896866321563721,0.5384615384615384,6,7,AMBIGUOUS,False,100,-0.004928529411554337,-0.01837519104592502,0.01027869670651852,0.45,0.015622884035110474,0.7692307692307693,False,0.05,0,0,,,,,-0.005896866321563721,0.5384615384615384,False,
IL10,IL15,UNKNOWN,no_lit,,-0.013406068086624146,0.8461538461538461,2,11,STRONG,False,100,-0.0037352772522717716,-0.01711070854216814,0.007463213708251712,0.09,0.03762272000312805,1.0,False,0.0,0,0,,,,,-0.013406068086624146,0.8461538461538461,False,
IL10,IL18,UNKNOWN,no_lit,,0.0008988380432128906,0.6153846153846154,8,5,AMBIGUOUS,False,100,-0.006513967653736472,-0.01999671198427677,0.002909794216975568,0.94,0.054745495319366455,0.9230769230769231,False,0.0,0,0,,,,,0.0008988380432128906,0.6153846153846154,False,
IFNb,IL12,UNKNOWN,no_lit,,-0.004191577434539795,0.5384615384615384,6,7,AMBIGUOUS,False,100,-0.002479292768985033,-0.020394451124593614,0.032510834001004664,0.8,0.2951235771179199,1.0,False,0.0,0,0,,,,,-0.004191577434539795,0.5384615384615384,False,
IFNg,IL13,UNKNOWN,no_lit,,0.009021878242492676,0.5384615384615384,7,6,AMBIGUOUS,False,100,0.0010922928433865309,-0.0076009408105164765,0.01575290020555256,0.07,0.10945340991020203,1.0,False,0.0,0,0,,,,,0.009021878242492676,0.5384615384615384,False,
IFNg,IL1b,UNKNOWN,no_lit,,0.016738951206207275,0.6923076923076923,9,4,WEAK,False,100,0.004940177686512471,-0.008514338824898004,0.016730587184429158,0.03,0.09884268045425415,1.0,False,0.0,0,0,,,,,0.016738951206207275,0.6923076923076923,False,
IL15,IL6,UNKNOWN,no_lit,,0.035067737102508545,1.0,13,0,STRONG,False,100,0.0036931270081549884,-0.0060791983269155025,0.02151250848546624,0.0,0.020321905612945557,0.6923076923076923,False,0.02,0,0,,,,,0.035067737102508545,1.0,False,
IFNb,IL10,UNKNOWN,no_lit,,0.020837008953094482,0.8461538461538461,11,2,STRONG,False,100,0.0036550550162792205,-0.012177788279950618,0.037746821390464876,0.13,0.28965097665786743,1.0,False,0.0,0,0,,,,,0.020837008953094482,0.8461538461538461,False,
IFNg,IL4,ANTAGONISM,no_lit,,0.01553007960319519,0.6666666666666666,8,4,WEAK,False,100,-0.0008282310981303453,-0.011896411702036858,0.010110218031331893,0.02,0.16715627908706665,1.0,False,0.0,0,0,,,,,0.01553007960319519,0.6666666666666666,False,
IFNg,IL10,UNKNOWN,no_lit,,-0.01121598482131958,0.6923076923076923,4,9,WEAK,False,100,0.002788962936028838,-0.0064587022177875035,0.014455907512456158,0.05,0.1275532841682434,1.0,False,0.0,0,0,,,,,-0.01121598482131958,0.6923076923076923,False,
IL18,IL1b,UNKNOWN,no_lit,,0.016962260007858276,0.6153846153846154,8,5,WEAK,False,100,0.007067010793834924,-0.006809229962527752,0.02207400416955352,0.11,0.07696658372879028,1.0,False,0.0,0,0,,,,,0.016962260007858276,0.6153846153846154,False,
IL13,IL15,UNKNOWN,no_lit,,-0.017010897397994995,0.6153846153846154,5,8,WEAK,False,100,-0.00231543711386621,-0.017856203578412534,0.0087673308327794,0.04,0.08472374081611633,1.0,False,0.0,0,0,,,,,-0.017010897397994995,0.6153846153846154,False,
IFNb,IL13,UNKNOWN,no_lit,,0.04767116904258728,0.9230769230769231,12,1,STRONG,False,100,0.002668392900377512,-0.01385649312287569,0.035966593073680955,0.01,0.33590957522392273,1.0,False,0.0,0,0,,,,,0.04767116904258728,0.9230769230769231,False,
IFNb,IL4,UNKNOWN,no_lit,,0.0031912922859191895,0.5,6,6,AMBIGUOUS,False,100,-0.0011427366524003446,-0.020569877605885266,0.027248877007514213,0.76,0.3711237907409668,1.0,False,0.0,0,0,,,,,0.0031912922859191895,0.5,False,
IFNb,IL6,UNKNOWN,no_lit,,-0.007989645004272461,0.7692307692307693,3,10,AMBIGUOUS,False,100,0.00266693196259439,-0.01417289050295949,0.03796282224357124,0.35,0.30783888697624207,1.0,False,0.0,0,0,,,,,-0.007989645004272461,0.7692307692307693,False,
