condition_a,condition_b,cross_asym_median,directional_score_median,sign_consensus,n_pos,n_neg,classification,direction,upstream,null_p,coupling,pair_status,in_benchmark
IFN-omega,IL-15,0.13072918355464935,0.05461832880973816,0.9444444444444444,17,1,STRONG,a_to_b,IFN-omega,0.0,0.07159830389301415,DIRECTIONAL_a_to_b,True
IL-2,IL-6,0.07935279607772827,0.04943425953388214,0.9411764705882353,16,1,STRONG,a_to_b,IL-2,0.0,0.012232754662956879,,False
IFN-beta,IL-15,0.07134194672107697,0.055036306381225586,0.8333333333333334,15,3,STRONG,a_to_b,IFN-beta,0.0,0.12358360301055335,,False
IFN-beta,IL-6,0.06898465752601624,0.01229444146156311,0.9411764705882353,16,1,STRONG,a_to_b,IFN-beta,0.0,0.015567670722046626,,False
IFN-omega,IL-6,0.06589055061340332,-0.03264777362346649,0.9411764705882353,16,1,STRONG,a_to_b,IFN-omega,0.0,0.015131921005313811,,False
IFN-gamma,IFN-omega,-0.06463208794593811,-0.016121044754981995,0.9444444444444444,1,17,STRONG,b_to_a,IFN-omega,0.0,0.02882696144768725,DIRECTIONAL_b_to_a,True
IL-9,TL1A,-0.06011444330215454,-0.024079203605651855,1.0,0,18,STRONG,b_to_a,TL1A,0.0,0.014917495984422125,,False
IL-12,IL-15,0.05334123224020004,0.10410767793655396,0.8333333333333334,15,3,STRONG,a_to_b,IL-12,0.0,0.042265081689085646,,False
IL-12,IL-9,0.05300963670015335,-0.011715985834598541,0.9444444444444444,17,1,STRONG,a_to_b,IL-12,0.0,0.019047138507923354,WEAK_a_to_b,False
IFN-omega,IL-10,0.0528416708111763,-0.08191846311092377,0.7777777777777778,14,4,STRONG,a_to_b,IFN-omega,0.0,0.0395444658058493,,False
IFN-beta,IFN-gamma,0.04348202049732208,0.0038620084524154663,1.0,18,0,STRONG,a_to_b,IFN-beta,0.0,0.06429304188198369,PARTIAL_INHIBITORY,False
IFN-omega,TNF-alpha,0.041840165853500366,-0.03674480319023132,0.6666666666666666,12,6,WEAK,a_to_b,IFN-omega,0.0,0.017700767201250012,,False
IFN-beta,IL-1-beta,0.04161781072616577,0.009564802050590515,0.8333333333333334,15,3,STRONG,a_to_b,IFN-beta,0.0,0.03714840283374424,,False
IFN-omega,IL-9,0.04075342416763306,-0.028671562671661377,0.8333333333333334,15,3,STRONG,a_to_b,IFN-omega,0.0,0.009425920207539329,,False
IL-1-beta,IL-12,-0.03237888216972351,0.0058714523911476135,1.0,0,18,STRONG,b_to_a,IL-12,0.0,0.01597326957499203,,False
IL-36-alpha,IL-6,0.03194330632686615,-0.006547689437866211,1.0,17,0,STRONG,a_to_b,IL-36-alpha,0.0,0.01745943225434293,WEAK_a_to_b,False
GM-CSF,TNF-alpha,0.02991422638297081,-0.0339098796248436,0.7777777777777778,14,4,STRONG,a_to_b,GM-CSF,0.0,0.023579052050152552,,False
GM-CSF,IL-6,0.02941398322582245,-0.020261481404304504,0.9411764705882353,16,1,STRONG,a_to_b,GM-CSF,0.0,0.017059417400995026,,False
IL-15,TL1A,-0.028858035802841187,0.09287482500076294,0.6666666666666666,6,12,WEAK,b_to_a,TL1A,0.0,0.03874276057695565,,False
IFN-gamma,IL-15,0.028207451105117798,0.08846904337406158,0.6666666666666666,12,6,WEAK,a_to_b,IFN-gamma,0.0,0.08303432826600646,,False
IL-10,IL-27,-0.026752151548862457,-0.03838285803794861,0.6666666666666666,6,12,WEAK,b_to_a,IL-27,0.0,0.020327106790374153,,False
IFN-beta,IL-2,0.02569287270307541,0.034857623279094696,0.8333333333333334,15,3,STRONG,a_to_b,IFN-beta,0.0,0.05675380214562883,WEAK_a_to_b,False
IFN-lambda1,IL-10,0.023064792156219482,-0.04743774235248566,0.8888888888888888,16,2,STRONG,a_to_b,IFN-lambda1,0.0,0.012315067478820033,,False
CD30L,VEGF,0.022822082042694092,-0.0007515847682952881,0.9411764705882353,16,1,STRONG,a_to_b,CD30L,0.0,0.017251021811819596,UNKNOWN,False
IL-6,VEGF,-0.02267509698867798,0.013253837823867798,0.8823529411764706,2,15,STRONG,b_to_a,VEGF,0.0,0.008743101755238097,DIRECTIONAL_a_to_b,True
IFN-lambda1,IL-16,0.021680355072021484,0.001114189624786377,0.9444444444444444,17,1,STRONG,a_to_b,IFN-lambda1,0.0,0.014394647684758122,,False
IL-16,TGF-beta1,-0.021508246660232544,0.004678025841712952,0.8888888888888888,2,16,STRONG,b_to_a,TGF-beta1,0.0,0.01878180073817139,,False
Decorin,IL-9,0.02126312255859375,-0.008189842104911804,0.8888888888888888,16,2,STRONG,a_to_b,Decorin,0.0,0.01664387445248987,UNKNOWN,False
Decorin,IL-6,0.01790142059326172,-0.0007035136222839355,0.9411764705882353,16,1,STRONG,a_to_b,Decorin,0.0,0.018560226091548154,WEAK_b_to_a,False
CD30L,IL-16,0.016716599464416504,-0.0032896101474761963,0.8888888888888888,16,2,STRONG,a_to_b,CD30L,0.0,0.026607816528690896,,False
CD30L,TGF-beta1,0.016481950879096985,-0.0019330009818077087,0.9444444444444444,17,1,STRONG,a_to_b,CD30L,0.0,0.011538864631691704,,False
IL-10,VEGF,0.015414297580718994,-0.03571438789367676,0.7058823529411765,12,5,WEAK,a_to_b,IL-10,0.0,0.01916679778014836,,False
CD30L,IL-12,-0.015026628971099854,0.019871443510055542,0.7222222222222222,5,13,WEAK,b_to_a,IL-12,0.0,0.0032436066752542627,,False
IL-36-alpha,TNF-alpha,0.013120435178279877,-0.013026446104049683,0.8888888888888888,16,2,STRONG,a_to_b,IL-36-alpha,0.0,0.013122989455966844,,False
IL-12,TL1A,-0.012872494757175446,-0.0027815699577331543,0.7777777777777778,4,14,STRONG,b_to_a,TL1A,0.0,0.02533740585102983,UNKNOWN,False
GM-CSF,IL-16,0.012501940131187439,0.007324200123548508,0.8888888888888888,16,2,STRONG,a_to_b,GM-CSF,0.0,0.011917149073079876,,False
IL-36-alpha,VEGF,0.011953651905059814,0.0013592839241027832,0.9411764705882353,16,1,STRONG,a_to_b,IL-36-alpha,0.0,0.01776369384935369,DIRECTIONAL_a_to_b,True
Decorin,IL-36-alpha,0.010819673538208008,0.002143681049346924,0.7222222222222222,13,5,WEAK,a_to_b,Decorin,0.0,0.022886238643980542,,False
IL-13,VEGF,0.010755658149719238,0.007389754056930542,0.7647058823529411,13,4,STRONG,a_to_b,IL-13,0.0,0.02627565958739623,DIRECTIONAL_b_to_a,True
IL-35,TNF-alpha,0.009628243744373322,-0.017265260219573975,0.7222222222222222,13,5,AMBIGUOUS,ambiguous,,0.0,0.007066257451863393,,False
CD30L,IL-27,0.009538233280181885,-0.0053375959396362305,0.6666666666666666,12,6,AMBIGUOUS,ambiguous,,0.0,0.012895876112515511,UNKNOWN,False
CD30L,TL1A,0.009304463863372803,-0.0010595321655273438,0.6111111111111112,11,7,AMBIGUOUS,ambiguous,,0.0,0.006362572174681269,,False
IL-13,IL-16,0.008987322449684143,0.015770219266414642,0.7222222222222222,13,5,AMBIGUOUS,ambiguous,,0.0,0.02166122168140567,,False
Decorin,IL-13,0.008873671293258667,0.003207296133041382,0.6666666666666666,12,6,AMBIGUOUS,ambiguous,,0.0,0.02926288884457039,,False
GM-CSF,VEGF,0.008811965584754944,0.0009654313325881958,0.7058823529411765,12,5,AMBIGUOUS,ambiguous,,0.0,0.00991483624700619,UNKNOWN,False
GM-CSF,IL-35,0.008500691503286362,-0.019834011793136597,0.8888888888888888,16,2,AMBIGUOUS,ambiguous,,0.0,0.017536689430151298,,False
IL-13,IL-36-alpha,-0.008462980389595032,-0.0009769350290298462,0.8333333333333334,3,15,AMBIGUOUS,ambiguous,,0.0,0.022003087458079277,,False
IL-16,IL-36-alpha,-0.008023947477340698,0.005557745695114136,0.8333333333333334,3,15,AMBIGUOUS,ambiguous,,0.0,0.017082388383214887,,False
Decorin,VEGF,0.007935643196105957,0.004574418067932129,0.8823529411764706,15,2,AMBIGUOUS,ambiguous,,0.0,0.024058854409857937,PARTIAL_INHIBITORY,False
Decorin,IL-16,0.007832705974578857,0.0072622150182724,0.7222222222222222,13,5,AMBIGUOUS,ambiguous,,0.0,0.028715934644898643,UNKNOWN,False
Decorin,TNF-alpha,0.007505744695663452,-0.0006749629974365234,0.8333333333333334,15,3,AMBIGUOUS,ambiguous,,0.0,0.014771427416607086,,False
IL-10,IL-36-alpha,0.007480055093765259,-0.04412442445755005,0.6111111111111112,11,7,AMBIGUOUS,ambiguous,,0.0,0.026022789084716984,,False
IFN-gamma,IL-1-beta,0.00718197226524353,0.014018431305885315,0.6666666666666666,12,6,AMBIGUOUS,ambiguous,,0.01,0.02459674476767364,,False
TGF-beta1,VEGF,0.0071492791175842285,0.0038195252418518066,0.7647058823529411,13,4,AMBIGUOUS,ambiguous,,0.0,0.01504691388134075,,False
IFN-lambda1,IL-35,0.006797999143600464,-0.01053553819656372,0.8888888888888888,16,2,AMBIGUOUS,ambiguous,,0.0,0.00787182708635278,,False
IL-1-beta,IL-2,-0.005752503871917725,0.017946630716323853,0.5555555555555556,8,10,AMBIGUOUS,ambiguous,,0.06,0.05652865447589885,,False
CD30L,IFN-omega,0.005529642105102539,-0.02282726764678955,0.6111111111111112,11,7,AMBIGUOUS,ambiguous,,0.14,0.009715579134290633,,False
IL-16,TL1A,0.005304470658302307,0.0032734572887420654,0.5555555555555556,10,8,AMBIGUOUS,ambiguous,,0.0,0.010615308655668862,,False
CD30L,IL-17A,0.00521436333656311,-0.014882385730743408,0.7058823529411765,12,5,AMBIGUOUS,ambiguous,,0.0,0.013565628352048604,DIRECTIONAL_a_to_b,True
IL-13,IL-6,0.005140706896781921,0.009408965706825256,0.6470588235294118,11,6,AMBIGUOUS,ambiguous,,0.02,0.010041230406774126,UNKNOWN,False
IL-13,IL-17A,0.00460052490234375,0.001782745122909546,0.7058823529411765,12,5,AMBIGUOUS,ambiguous,,0.0,0.01558599318985058,,False
IL-36-alpha,TGF-beta1,0.004554927349090576,-0.003047928214073181,0.8333333333333334,15,3,AMBIGUOUS,ambiguous,,0.01,0.01550895698854457,,False
IL-12,IL-35,0.0042480528354644775,-0.0008224993944168091,0.5555555555555556,10,8,AMBIGUOUS,ambiguous,,0.03,0.02073488820992086,,False
Decorin,TGF-beta1,0.003598324954509735,0.008271254599094391,0.6666666666666666,12,6,AMBIGUOUS,ambiguous,,0.01,0.01665640114604131,,False
IL-17A,IL-36-alpha,-0.0028073489665985107,-0.018227040767669678,0.7058823529411765,5,12,AMBIGUOUS,ambiguous,,0.01,0.020741998347575247,DIRECTIONAL_b_to_a,True
IL-17A,VEGF,0.0018952488899230957,-0.005051761865615845,0.5294117647058824,9,8,AMBIGUOUS,ambiguous,,0.03,0.01381200340616962,,False
IFN-lambda1,TL1A,0.0016635358333587646,-0.02094215154647827,0.5,9,9,AMBIGUOUS,ambiguous,,0.21,0.012804295179312641,,False
IL-13,IL-9,0.0014961808919906616,-0.0039205849170684814,0.5555555555555556,10,8,AMBIGUOUS,ambiguous,,0.59,0.023092295739637766,,False
IL-1-beta,IL-15,-0.0014688000082969666,0.07347168773412704,0.5,9,9,AMBIGUOUS,ambiguous,,0.75,0.10240579549547124,,False
IL-13,TGF-beta1,0.001220986247062683,0.0026009827852249146,0.5555555555555556,10,8,AMBIGUOUS,ambiguous,,0.25,0.02429715076704388,,False
IL-15,IL-2,-0.0006538480520248413,0.04561777412891388,0.5,9,9,AMBIGUOUS,ambiguous,,0.88,0.1674953129709415,DIRECTIONAL_b_to_a,True
IFN-gamma,IL-2,-0.0005674436688423157,0.03266197443008423,0.5555555555555556,8,10,AMBIGUOUS,ambiguous,,0.84,0.05869614296471295,DIRECTIONAL_b_to_a,True
TNF-alpha,VEGF,0.0005267560482025146,-0.004592597484588623,0.5882352941176471,10,7,AMBIGUOUS,ambiguous,,0.55,0.01264266336903624,,False
IL-17A,IL-35,0.0004621148109436035,-0.01856216788291931,0.5294117647058824,9,8,AMBIGUOUS,ambiguous,,0.59,0.009578838077900203,,False
IL-9,VEGF,0.0001767873764038086,-0.003692835569381714,0.5294117647058824,9,8,AMBIGUOUS,ambiguous,,0.88,0.011837553160022132,DIRECTIONAL_a_to_b,True
Decorin,IL-17A,-0.00011521577835083008,-0.009686022996902466,0.5294117647058824,8,9,AMBIGUOUS,ambiguous,,0.91,0.022411696912477845,,False
